종목코드,종목명,시장구분,업종명,종가,대비,등락률,시가총액
"095570","AJ네트웍스","KOSPI","일반서비스","4280","-115","-2.62","193681808520"
"006840","AK홀딩스","KOSPI","기타금융","7550","50","0.67","100019085550"
"027410","BGF","KOSPI","기타금융","3860","-70","-1.78","369466813260"
"282330","BGF리테일","KOSPI","유통","149900","-1000","-0.66","2590857509400"
"138930","BNK금융지주","KOSPI","기타금융","15140","-270","-1.75","4645553830140"
"001460","BYC","KOSPI","섬유·의류","37950","100","0.26","237041392500"
"001465","BYC우","KOSPI","섬유·의류","27050","-100","-0.37","58261642500"
"001040","CJ","KOSPI","기타금융","130300","-3300","-2.47","3801762839400"
"079160","CJ CGV","KOSPI","오락·문화","5290","-250","-4.51","875932996130"
"00104K","CJ4우(전환)","KOSPI","기타금융","127500","-2400","-1.85","538880280000"
"000120","CJ대한통운","KOSPI","운송·창고","72000","-1500","-2.04","1642488768000"
"011150","CJ씨푸드","KOSPI","음식료·담배","2000","-50","-2.44","71861546000"
"011155","CJ씨푸드1우","KOSPI","음식료·담배","6250","-490","-7.27","1250000000"
"001045","CJ우","KOSPI","기타금융","68000","-1500","-2.16","153695164000"
"097950","CJ제일제당","KOSPI","음식료·담배","182600","-3200","-1.72","2748894363600"
"097955","CJ제일제당 우","KOSPI","음식료·담배","121600","-1800","-1.46","161415852800"
"000480","CR홀딩스","KOSPI","비금속","4560","0","0.00","213820634400"
"000590","CS홀딩스","KOSPI","기타금융","66400","-200","-0.30","76657604800"
"012030","DB","KOSPI","IT 서비스","1469","-102","-6.49","295524507577"
"005830","DB손해보험","KOSPI","보험","190900","-1700","-0.88","12504016624100"
"016610","DB증권","KOSPI","증권","9800","-220","-2.20","415974612200"
"000990","DB하이텍","KOSPI","전기·전자","89200","-5200","-5.51","3880609249600"
"000300","DH오토넥스","KOSPI","운송장비·부품","4200","0","0.00","174035631000"
"001530","DI동일","KOSPI","유통","28050","350","1.26","581073169050"
"015590","DKME","KOSPI","기계·장비","1371","-99","-6.73","73206338268"
"000210","DL","KOSPI","화학","51200","600","1.19","1072941260800"
"000215","DL우","KOSPI","화학","23850","300","1.27","40213842750"
"375500","DL이앤씨","KOSPI","건설","70000","-1500","-2.10","2708553610000"
"37550L","DL이앤씨2우(전환)","KOSPI","건설","45650","-1600","-3.39","96410563150"
"37550K","DL이앤씨우","KOSPI","건설","24400","-200","-0.81","51578794000"
"007340","DN오토모티브","KOSPI","전기·전자","45150","-1050","-2.27","2641765554750"
"004840","DRB동일","KOSPI","화학","4085","-190","-4.44","78727606940"
"155660","DSR","KOSPI","금속","4500","65","1.47","72000000000"
"069730","DSR제강","KOSPI","금속","5640","20","0.36","81216000000"
"017860","DS단석","KOSPI","화학","11440","-560","-4.67","203164550160"
"092780","DYP","KOSPI","운송장비·부품","3190","-50","-1.54","42007387400"
"017940","E1","KOSPI","유통","98600","600","0.61","676396000000"
"365550","ESR켄달스퀘어리츠","KOSPI","부동산","3120","-70","-2.19","767797680000"
"383220","F&F","KOSPI","섬유·의류","67700","-600","-0.88","2593388977500"
"007700","F&F홀딩스","KOSPI","기타금융","14250","-210","-1.45","557379729750"
"114090","GKL","KOSPI","오락·문화","9470","-140","-1.46","585773194900"
"078930","GS","KOSPI","기타금융","120000","-4700","-3.77","11147459400000"
"006360","GS건설","KOSPI","건설","32250","-1050","-3.15","2760003052500"
"001250","GS글로벌","KOSPI","유통","2605","-95","-3.52","215000455220"
"007070","GS리테일","KOSPI","유통","25950","-400","-1.52","2169612419250"
"078935","GS우","KOSPI","기타금융","61600","-3200","-4.94","109628041600"
"499790","GS피앤엘","KOSPI","기타금융","43550","-1750","-3.86","863633125550"
"012630","HDC","KOSPI","기타금융","22000","-350","-1.57","1314317862000"
"039570","HDC랩스","KOSPI","건설","7560","-110","-1.43","196239463560"
"089470","HDC현대EP","KOSPI","화학","3950","0","0.00","126005000000"
"267270","HD건설기계","KOSPI","기계·장비","124700","-4900","-3.78","5975860555900"
"009540","HD한국조선해양","KOSPI","기타금융","329500","-24000","-6.79","23319741722000"
"267250","HD현대","KOSPI","기타금융","209500","-9500","-4.34","16549051307500"
"443060","HD현대마린솔루션","KOSPI","일반서비스","199000","-4000","-1.97","8921858540000"
"071970","HD현대마린엔진","KOSPI","기계·장비","48950","-3350","-6.41","1660457180250"
"322000","HD현대에너지솔루션","KOSPI","전기·전자","132600","-1300","-0.97","1485120000000"
"267260","HD현대일렉트릭","KOSPI","전기·전자","711000","-58000","-7.54","25629512985000"
"329180","HD현대중공업","KOSPI","운송장비·부품","422000","-31000","-6.84","44293636950000"
"097230","HJ중공업","KOSPI","건설","15920","-580","-3.52","1437501876480"
"014790","HL D&I","KOSPI","건설","2580","10","0.39","97675190580"
"003580","HLB글로벌","KOSPI","유통","1628","51","3.23","82480186140"
"204320","HL만도","KOSPI","운송장비·부품","47350","-2950","-5.86","2223419632000"
"060980","HL홀딩스","KOSPI","기타금융","39650","-850","-2.10","359976283550"
"011200","HMM","KOSPI","운송·창고","20800","-550","-2.58","19619349776000"
"035000","HS애드","KOSPI","일반서비스","6490","-30","-0.46","105187609560"
"002460","HS화성","KOSPI","건설","10890","-10","-0.09","110533500000"
"487570","HS효성","KOSPI","기타금융","48150","0","0.00","179403385050"
"298050","HS효성첨단소재","KOSPI","화학","174200","-2500","-1.41","780406941600"
"015360","INVENI","KOSPI","일반서비스","14050","-200","-1.40","382862500000"
"294870","IPARK현대산업개발","KOSPI","건설","22800","-250","-1.08","1502687124000"
"175330","JB금융지주","KOSPI","기타금융","30550","1300","4.44","5698241723200"
"234080","JW생명과학","KOSPI","제약","11390","0","0.00","180355570060"
"001060","JW중외제약","KOSPI","제약","27750","-1250","-4.31","646184557500"
"001067","JW중외제약2우B","KOSPI","제약","48800","0","0.00","10246682400"
"001065","JW중외제약우","KOSPI","제약","22650","100","0.44","7745190150"
"096760","JW홀딩스","KOSPI","기타금융","4180","-25","-0.59","309006257560"
"008970","KBI동양철관","KOSPI","금속","1053","-25","-2.32","109266553071"
"105560","KB금융","KOSPI","기타금융","169100","-2100","-1.23","59977695819400"
"415640","KB발해인프라","KOSPI","기타금융","10490","-50","-0.47","1285502798520"
"432320","KB스타리츠","KOSPI","부동산","1452","3","0.21","218909741820"
"002380","KCC","KOSPI","화학","479500","-14000","-2.84","4120293632000"
"344820","KCC글라스","KOSPI","비금속","24950","-400","-1.58","398464274400"
"009070","KCTC","KOSPI","운송·창고","4020","-90","-2.19","120600000000"
"009440","KC그린홀딩스","KOSPI","기타금융","756","0","0.00","17568790596"
"119650","KC코트렐","KOSPI","기계·장비","918","0","0.00","100782913662"
"092220","KEC","KOSPI","전기·전자","2710","-120","-4.24","108813621880"
"003620","KG모빌리티","KOSPI","운송장비·부품","2600","-70","-2.62","526174771200"
"016380","KG스틸","KOSPI","금속","5440","-80","-1.45","544048399680"
"001390","KG케미칼","KOSPI","화학","4420","-70","-1.56","293504071120"
"001940","KISCO홀딩스","KOSPI","금속","27250","-600","-2.15","386306355000"
"025000","KPX케미칼","KOSPI","화학","54700","-400","-0.73","239515382300"
"092230","KPX홀딩스","KOSPI","화학","98900","-3100","-3.04","417817489400"
"000040","KR모터스","KOSPI","운송장비·부품","1430","-29","-1.99","24703301480"
"044450","KSS해운","KOSPI","운송·창고","9920","-40","-0.40","223969048000"
"030200","KT","KOSPI","통신","53800","-200","-0.37","13558766653000"
"033780","KT&G","KOSPI","음식료·담배","174400","-500","-0.29","18104543526400"
"058850","KTcs","KOSPI","IT 서비스","2175","-35","-1.58","90054678750"
"058860","KTis","KOSPI","IT 서비스","2580","0","0.00","89789160000"
"093050","LF","KOSPI","섬유·의류","23100","-100","-0.43","675444000000"
"003550","LG","KOSPI","기타금융","118500","-1800","-1.50","17916252474000"
"034220","LG디스플레이","KOSPI","전기·전자","9010","-270","-2.91","4505000000000"
"051900","LG생활건강","KOSPI","화학","297000","-9000","-2.94","4447730331000"
"051905","LG생활건강우","KOSPI","화학","106200","-2800","-2.57","222622705800"
"064400","LG씨엔에스","KOSPI","IT 서비스","74500","-1300","-1.72","7218003126000"
"373220","LG에너지솔루션","KOSPI","전기·전자","347500","-19500","-5.31","81315000000000"
"003555","LG우","KOSPI","기타금융","70400","-1700","-2.36","211988409600"
"032640","LG유플러스","KOSPI","통신","14890","-330","-2.17","6319728929480"
"011070","LG이노텍","KOSPI","전기·전자","567000","-23000","-3.90","13419249669000"
"066570","LG전자","KOSPI","전기·전자","200500","-6000","-2.91","32658369919000"
"066575","LG전자우","KOSPI","전기·전자","74300","-700","-0.93","1276570515700"
"037560","LG헬로비전","KOSPI","오락·문화","1630","-18","-1.09","126238389950"
"051910","LG화학","KOSPI","화학","269000","-13000","-4.61","18989340267000"
"051915","LG화학우","KOSPI","화학","122900","-8200","-6.25","944953520000"
"079550","LIG디펜스앤에어로스페이스","KOSPI","금속","655000","-30000","-4.38","14410000000000"
"006260","LS","KOSPI","기타금융","296500","-13500","-4.35","9250800000000"
"010120","LS ELECTRIC","KOSPI","전기·전자","195700","-8800","-4.30","29355000000000"
"000680","LS네트웍스","KOSPI","유통","2995","-45","-1.48","236015032920"
"229640","LS에코에너지","KOSPI","기타금융","44300","-2950","-6.24","1356682139700"
"108320","LX세미콘","KOSPI","전기·전자","36450","-1700","-4.46","592833735000"
"001120","LX인터내셔널","KOSPI","유통","39500","-200","-0.50","1531020000000"
"108670","LX하우시스","KOSPI","화학","33900","-1050","-3.00","304004013000"
"108675","LX하우시스우","KOSPI","화학","18850","-90","-0.48","19459420500"
"383800","LX홀딩스","KOSPI","기타금융","8080","-190","-2.30","616347975200"
"38380K","LX홀딩스1우","KOSPI","기타금융","7360","-370","-4.79","10784497600"
"009810","MDS스피어","KOSPI","유통","1910","-19","-0.98","30081739820"
"023150","MH에탄올","KOSPI","음식료·담배","4085","-70","-1.68","30141278710"
"035420","NAVER","KOSPI","IT 서비스","209000","-6000","-2.79","31783986619000"
"036570","NC","KOSPI","IT 서비스","219000","-5000","-2.23","4718140818000"
"181710","NHN","KOSPI","IT 서비스","68000","-2400","-3.41","2227213452000"
"400760","NH올원리츠","KOSPI","부동산","2835","-35","-1.22","155724494625"
"005940","NH투자증권","KOSPI","증권","26050","-450","-1.70","9617819035250"
"005945","NH투자증권우","KOSPI","증권","23200","-400","-1.69","437806457600"
"338100","NH프라임리츠","KOSPI","부동산","3855","-10","-0.26","71934300000"
"034310","NICE","KOSPI","일반서비스","12600","-650","-4.91","463140178200"
"030190","NICE평가정보","KOSPI","IT 서비스","15950","-130","-0.81","939638855650"
"008260","NI스틸","KOSPI","금속","3420","-160","-4.47","97812400140"
"004250","NPC","KOSPI","화학","3010","-20","-0.66","110527200000"
"004255","NPC우","KOSPI","화학","1884","10","0.53","9947520000"
"456040","OCI","KOSPI","화학","78400","-2300","-2.85","701875608000"
"010060","OCI홀딩스","KOSPI","기타금융","241000","-22500","-8.54","4499525912000"
"178920","PI첨단소재","KOSPI","화학","18930","-890","-4.49","555904475460"
"001340","PKC","KOSPI","화학","4990","-200","-3.85","224690164110"
"005490","POSCO홀딩스","KOSPI","금속","330000","-11000","-3.23","26149703910000"
"010950","S-Oil","KOSPI","화학","150900","-800","-0.53","16988743312800"
"010955","S-Oil우","KOSPI","화학","69800","-100","-0.14","280730504600"
"034120","SBS","KOSPI","오락·문화","12180","-160","-1.30","225954078840"
"003080","SB성보","KOSPI","화학","2235","0","0.00","44744700000"
"005090","SGC에너지","KOSPI","전기·가스","54400","2400","4.62","783867715200"
"001380","SG글로벌","KOSPI","운송장비·부품","1314","-1","-0.08","29541441294"
"004060","SG세계물산","KOSPI","유통","2280","35","1.56","46152890880"
"001770","SHD","KOSPI","금속","14750","790","5.66","17919450500"
"002360","SH에너지화학","KOSPI","화학","1612","-30","-1.83","17914757276"
"009160","SIMPAC","KOSPI","금속","5100","-20","-0.39","333391936800"
"033530","SJG세종","KOSPI","운송장비·부품","6830","-200","-2.84","184767202170"
"123700","SJM","KOSPI","운송장비·부품","3400","10","0.29","53056653200"
"025530","SJM홀딩스","KOSPI","유통","3640","20","0.55","54359789120"
"034730","SK","KOSPI","기타금융","545000","-41000","-7.00","39513973135000"
"011790","SKC","KOSPI","화학","83600","-5100","-5.75","4146417712800"
"018670","SK가스","KOSPI","유통","230000","-5000","-2.13","2131926120000"
"001740","SK네트웍스","KOSPI","유통","6240","-400","-6.02","1251705867360"
"006120","SK디스커버리","KOSPI","기타금융","54900","2000","3.78","956014929900"
"006125","SK디스커버리우","KOSPI","기타금융","41500","400","0.97","51115757500"
"210980","SK디앤디","KOSPI","부동산","4220","570","15.62","78565352040"
"395400","SK리츠","KOSPI","부동산","5460","70","1.30","1643556205200"
"302440","SK바이오사이언스","KOSPI","제약","37450","-900","-2.35","2938197909850"
"326030","SK바이오팜","KOSPI","일반서비스","86300","-2700","-3.03","6758433475000"
"402340","SK스퀘어","KOSPI","기타금융","982000","-85000","-7.97","129549366036000"
"361610","SK아이이테크놀로지","KOSPI","전기·전자","15850","-290","-1.80","1296325535000"
"100090","SK오션플랜트","KOSPI","금속","12000","-450","-3.61","749737548000"
"03473K","SK우","KOSPI","기타금융","398000","-17000","-4.10","225321730000"
"096770","SK이노베이션","KOSPI","화학","131500","-3800","-2.81","22230441622000"
"096775","SK이노베이션우","KOSPI","화학","66600","-1000","-1.48","83145171600"
"475150","SK이터닉스","KOSPI","건설","50900","-900","-1.74","1734010503600"
"001510","SK증권","KOSPI","증권","2430","-105","-4.14","562047056550"
"001515","SK증권우","KOSPI","증권","4300","-35","-0.81","8411905100"
"285130","SK케미칼","KOSPI","화학","52200","-1900","-3.51","902995585200"
"28513K","SK케미칼우","KOSPI","화학","23850","0","0.00","50452981650"
"017670","SK텔레콤","KOSPI","통신","91400","-3200","-3.38","19631810844200"
"000660","SK하이닉스","KOSPI","전기·전자","1613000","-80000","-4.73","1178284184745000"
"003570","SNT다이내믹스","KOSPI","운송장비·부품","28150","-750","-2.60","936063420550"
"064960","SNT모티브","KOSPI","운송장비·부품","25700","-900","-3.38","682084990400"
"100840","SNT에너지","KOSPI","기계·장비","31350","-1450","-4.42","648342547050"
"036530","SNT홀딩스","KOSPI","기타금융","45400","-350","-0.77","740196424400"
"000390","SP삼화","KOSPI","화학","6510","-90","-1.36","177094583190"
"011810","STX","KOSPI","유통","3530","0","0.00","109493282310"
"465770","STX그린로지스","KOSPI","운송·창고","3925","905","29.97","28332141500"
"077970","STX엔진","KOSPI","기계·장비","23200","-1650","-6.64","931435061600"
"002820","SUN&L","KOSPI","화학","1697","-36","-2.08","20471257188"
"002170","SYTS","KOSPI","섬유·의류","55000","-2900","-5.01","165000000000"
"084870","TBH글로벌","KOSPI","섬유·의류","2285","5","0.22","46747114960"
"002710","TCC스틸","KOSPI","금속","10850","-720","-6.22","284418612450"
"069260","TKG휴켐스","KOSPI","화학","16160","-260","-1.58","660597982080"
"007980","TP","KOSPI","섬유·의류","1739","0","0.00","81554491650"
"002900","TYM","KOSPI","기계·장비","6920","0","0.00","286488000000"
"024070","WISCOM","KOSPI","화학","1958","-8","-0.41","30009165604"
"037270","YG PLUS","KOSPI","IT 서비스","3120","-95","-2.95","198628903200"
"139130","iM금융지주","KOSPI","기타금융","18860","-100","-0.53","2986733874880"
"000500","가온전선","KOSPI","전기·전자","201000","-7500","-3.60","5985299007000"
"000860","강남제비스코","KOSPI","화학","12600","0","0.00","163800000000"
"035250","강원랜드","KOSPI","오락·문화","14600","-150","-1.02","3123531300000"
"011420","갤럭시아에스엠","KOSPI","오락·문화","1475","-35","-2.32","40635724900"
"002100","경농","KOSPI","화학","9220","-20","-0.22","179998141500"
"009450","경동나비엔","KOSPI","전기·전자","60300","-1500","-2.43","878486097600"
"267290","경동도시가스","KOSPI","전기·가스","21850","-50","-0.23","128814621100"
"012320","경동인베스트","KOSPI","기타금융","46500","-1300","-2.72","109973569500"
"000050","경방","KOSPI","유통","8200","-150","-1.80","224805214000"
"214390","경보제약","KOSPI","제약","5580","60","1.09","133400278800"
"012610","경인양행","KOSPI","화학","3165","-55","-1.71","131715795225"
"009140","경인전자","KOSPI","전기·전자","22450","-200","-0.88","35264392650"
"013580","계룡건설","KOSPI","건설","21250","-50","-0.23","189781773750"
"012200","계양전기","KOSPI","기계·장비","3535","-85","-2.35","96232700515"
"012205","계양전기우","KOSPI","기계·장비","5300","-210","-3.81","6196118700"
"002140","고려산업","KOSPI","음식료·담배","2070","-75","-3.50","51624609750"
"010130","고려아연","KOSPI","금속","1216000","-35000","-2.80","25381530304000"
"002240","고려제강","KOSPI","금속","17470","-150","-0.85","471690000000"
"009290","광동제약","KOSPI","제약","6290","-140","-2.18","313240792320"
"017040","광명전기","KOSPI","전기·전자","932","0","0.00","40390657180"
"017900","광전자","KOSPI","전기·전자","7170","-140","-1.92","415456780710"
"037710","광주신세계","KOSPI","유통","35700","-1300","-3.51","272290040400"
"030610","교보증권","KOSPI","증권","10000","-330","-3.19","1139629610000"
"339770","교촌에프앤비","KOSPI","유통","3840","-5","-0.13","191865907200"
"007690","국도화학","KOSPI","화학","39800","-150","-0.38","368581113600"
"002720","국제약품","KOSPI","제약","3415","-20","-0.58","72260826280"
"083420","그린케미칼","KOSPI","화학","4840","-70","-1.43","116160000000"
"014530","극동유화","KOSPI","화학","3230","0","0.00","112628226600"
"014280","금강공업","KOSPI","금속","4290","0","0.00","125822941530"
"014285","금강공업우","KOSPI","금속","5670","-40","-0.70","3344591250"
"008870","금비","KOSPI","비금속","40400","750","1.89","40400000000"
"001570","금양","KOSPI","화학","9900","0","0.00","633275240400"
"002990","금호건설","KOSPI","건설","17100","600","3.64","637145555400"
"002995","금호건설우","KOSPI","건설","21050","0","0.00","6152199300"
"011780","금호석유화학","KOSPI","화학","127200","-2900","-2.23","3200011740000"
"011785","금호석유화학우","KOSPI","화학","51100","-400","-0.78","154500134600"
"214330","금호에이치티","KOSPI","운송장비·부품","6030","-230","-3.67","63055281870"
"001210","금호전기","KOSPI","전기·전자","13300","230","1.76","164601012800"
"073240","금호타이어","KOSPI","화학","7130","-320","-4.30","2048165846310"
"092440","기신정기","KOSPI","기계·장비","2005","5","0.25","58546000000"
"000270","기아","KOSPI","운송장비·부품","124400","-6800","-5.18","48567376951200"
"024110","기업은행","KOSPI","은행","20850","-50","-0.24","16626329368650"
"013700","까뮤이앤씨","KOSPI","건설","1730","37","2.19","103368935900"
"004540","깨끗한나라","KOSPI","종이·목재","1210","-29","-2.34","45061238530"
"004545","깨끗한나라우","KOSPI","종이·목재","4490","-55","-1.21","1644058400"
"001260","남광토건","KOSPI","건설","8030","400","5.24","78955553160"
"008350","남선알미늄","KOSPI","금속","1045","-3","-0.29","134887649050"
"008355","남선알미우","KOSPI","금속","7500","-200","-2.60","2309175000"
"004270","남성","KOSPI","유통","4970","20","0.40","22663836160"
"003920","남양유업","KOSPI","음식료·담배","44000","-650","-1.46","249631668000"
"003925","남양유업우","KOSPI","음식료·담배","29550","-300","-1.01","55883452950"
"025860","남해화학","KOSPI","화학","6510","30","0.46","323409267930"
"005720","넥센","KOSPI","화학","6100","-110","-1.77","320518259700"
"005725","넥센우","KOSPI","화학","4340","0","0.00","15626604000"
"002350","넥센타이어","KOSPI","화학","6050","-310","-4.87","590890655850"
"002355","넥센타이어1우B","KOSPI","화학","3915","-5","-0.13","25447500000"
"092790","넥스틸","KOSPI","금속","12680","-100","-0.78","329705360000"
"251270","넷마블","KOSPI","IT 서비스","37000","-1800","-4.64","3076861725000"
"090350","노루페인트","KOSPI","화학","7930","-170","-2.10","158600000000"
"090355","노루페인트우","KOSPI","화학","11870","0","0.00","5497305620"
"000320","노루홀딩스","KOSPI","기타금융","16830","-360","-2.09","223690071330"
"000325","노루홀딩스우","KOSPI","기타금융","27750","-50","-0.18","6758762250"
"006280","녹십자","KOSPI","제약","127000","-1100","-0.86","1484190326000"
"005250","녹십자홀딩스","KOSPI","일반서비스","9850","-120","-1.20","463227868500"
"005257","녹십자홀딩스2우","KOSPI","일반서비스","17680","150","0.86","14957103200"
"004370","농심","KOSPI","음식료·담배","437500","-4000","-0.91","2661155875000"
"072710","농심홀딩스","KOSPI","기타금융","94200","-800","-0.84","436879818000"
"058730","다스코","KOSPI","금속","3940","375","10.52","79789928940"
"030210","다올투자증권","KOSPI","증권","3855","-60","-1.53","234812313630"
"023590","다우기술","KOSPI","IT 서비스","38550","-900","-2.28","1668725877600"
"145210","다이나믹디자인","KOSPI","기계·장비","2240","0","0.00","9461011840"
"483650","달바글로벌","KOSPI","화학","202000","-5500","-2.65","2530234830000"
"019680","대교","KOSPI","일반서비스","1000","0","0.00","80467700000"
"019685","대교우B","KOSPI","일반서비스","598","0","0.00","11617340020"
"006370","대구백화점","KOSPI","유통","3715","-225","-5.71","40202284865"
"008060","대덕","KOSPI","기타금융","15500","-490","-3.06","484950019000"
"00806K","대덕1우","KOSPI","기타금융","10950","-100","-0.90","13275309150"
"353200","대덕전자","KOSPI","전기·전자","108900","-2600","-2.33","5381503132500"
"35320K","대덕전자1우","KOSPI","전기·전자","22700","-650","-2.78","47568281300"
"000490","대동","KOSPI","기계·장비","7950","-300","-3.64","229173576750"
"005750","대림바스","KOSPI","비금속","4665","-85","-1.79","77402799600"
"006570","대림통상","KOSPI","금속","1886","-2","-0.11","28714350000"
"001680","대상","KOSPI","음식료·담배","18570","-170","-0.91","643413824250"
"001685","대상우","KOSPI","음식료·담배","14680","0","0.00","20114873640"
"084690","대상홀딩스","KOSPI","기타금융","7960","-50","-0.62","288251802480"
"084695","대상홀딩스우","KOSPI","기타금융","11960","140","1.18","10925244720"
"128820","대성산업","KOSPI","유통","4060","-60","-1.46","183656040680"
"117580","대성에너지","KOSPI","전기·가스","6850","-50","-0.72","188375000000"
"016710","대성홀딩스","KOSPI","일반서비스","6990","-50","-0.71","112465318410"
"0030R0","대신밸류리츠","KOSPI","기타금융","3930","-70","-1.75","234935400000"
"003540","대신증권","KOSPI","증권","26400","-500","-1.86","1258385726400"
"003547","대신증권2우B","KOSPI","증권","19500","-260","-1.32","187329987000"
"003545","대신증권우","KOSPI","증권","20350","-250","-1.21","496200846900"
"009190","대양금속","KOSPI","금속","1315","-55","-4.01","57841951625"
"014160","대영포장","KOSPI","종이·목재","688","1","0.15","74575449712"
"047040","대우건설","KOSPI","건설","16280","-540","-3.21","6689576346640"
"003090","대웅","KOSPI","제약","17450","-340","-1.91","1014577551000"
"069620","대웅제약","KOSPI","제약","124100","-2700","-2.13","1437893957500"
"000430","대원강업","KOSPI","운송장비·부품","4215","-155","-3.55","261330000000"
"006340","대원전선","KOSPI","전기·전자","12730","-550","-4.14","998215515680"
"006345","대원전선우","KOSPI","전기·전자","9850","60","0.61","25818820000"
"003220","대원제약","KOSPI","제약","8100","130","1.63","181663422300"
"024890","대원화성","KOSPI","화학","1728","-13","-0.75","14255706240"
"012800","대창","KOSPI","금속","1160","-30","-2.52","105722978840"
"015230","대창단조","KOSPI","운송장비·부품","6130","-110","-1.76","166390390600"
"001070","대한방직","KOSPI","섬유·의류","6030","-50","-0.82","31959000000"
"006650","대한유화","KOSPI","화학","92000","-6600","-6.69","598000000000"
"001440","대한전선","KOSPI","전기·전자","27550","-1100","-3.84","5399596019800"
"084010","대한제강","KOSPI","금속","8590","-80","-0.92","295252009640"
"001790","대한제당","KOSPI","음식료·담배","2885","-25","-0.86","248807924775"
"001795","대한제당우","KOSPI","음식료·담배","2170","-35","-1.59","14067589200"
"001130","대한제분","KOSPI","음식료·담배","11780","-40","-0.34","199082000000"
"439260","대한조선","KOSPI","운송장비·부품","44500","-2750","-5.82","1694948485000"
"003490","대한항공","KOSPI","운송·창고","28900","150","0.52","10641577102900"
"003495","대한항공우","KOSPI","운송·창고","21700","-100","-0.46","24104229800"
"005880","대한해운","KOSPI","운송·창고","2010","-50","-2.43","648722153400"
"003830","대한화섬","KOSPI","화학","114000","-2200","-1.89","151392000000"
"016090","대현","KOSPI","섬유·의류","1467","-3","-0.20","64962148770"
"069460","대호에이엘","KOSPI","금속","2660","0","0.00","46322277400"
"475560","더본코리아","KOSPI","유통","15650","-830","-5.04","232057730500"
"192080","더블유게임즈","KOSPI","IT 서비스","57500","-1000","-1.71","1217474410000"
"004830","덕성","KOSPI","화학","3310","-90","-2.65","51900800000"
"004835","덕성우","KOSPI","화학","4220","-5","-0.12","5874240000"
"145720","덴티움","KOSPI","의료·정밀기기","36700","-650","-1.74","316496799700"
"002150","도화엔지니어링","KOSPI","일반서비스","5210","-50","-0.95","175681200000"
"460850","동국씨엠","KOSPI","금속","5240","-80","-1.50","156668957440"
"460860","동국제강","KOSPI","금속","10290","-100","-0.96","510466494930"
"001230","동국홀딩스","KOSPI","기타금융","1987","-38","-1.88","308993829705"
"023450","동남합성","KOSPI","화학","31450","-150","-0.47","110075000000"
"004140","동방","KOSPI","운송·창고","1787","-35","-1.92","85725545842"
"007590","동방아그로","KOSPI","화학","5600","0","0.00","76258431200"
"005960","동부건설","KOSPI","건설","7300","-200","-2.67","167510639900"
"005965","동부건설우","KOSPI","건설","17100","-220","-1.27","3860017200"
"026960","동서","KOSPI","유통","25500","-150","-0.58","2542350000000"
"002210","동성제약","KOSPI","제약","1417","-63","-4.26","136909841419"
"102260","동성케미컬","KOSPI","화학","3700","-75","-1.99","187477486700"
"000640","동아쏘시오홀딩스","KOSPI","기타금융","92700","-500","-0.54","624105252900"
"170900","동아에스티","KOSPI","제약","37100","-650","-1.72","360904385100"
"028100","동아지질","KOSPI","건설","17440","-240","-1.36","195713720480"
"001520","동양","KOSPI","비금속","1047","-46","-4.21","112156767504"
"001527","동양2우B","KOSPI","비금속","6160","-330","-5.08","1267142800"
"084670","동양고속","KOSPI","운송·창고","23700","-1100","-4.44","68624985300"
"001525","동양우","KOSPI","비금속","8670","-280","-3.13","2276872050"
"018500","동원모빌리티","KOSPI","운송장비·부품","1447","-10","-0.69","67654388051"
"006040","동원산업","KOSPI","기타금융","37800","-150","-0.40","1668522958200"
"030720","동원수산","KOSPI","농업, 임업 및 어업","5530","20","0.36","25735541650"
"014820","동원시스템즈","KOSPI","화학","21500","-1450","-6.32","623312563000"
"014825","동원시스템즈우","KOSPI","화학","14230","320","2.30","3758299530"
"111380","동인기연","KOSPI","섬유·의류","13580","-20","-0.15","83218240000"
"163560","동일고무벨트","KOSPI","화학","5600","-110","-1.93","77840000000"
"004890","동일산업","KOSPI","금속","36050","-750","-2.04","87429000750"
"002690","동일제강","KOSPI","금속","1475","2","0.14","29943031000"
"000020","동화약품","KOSPI","제약","5160","-70","-1.34","144126385200"
"000150","두산","KOSPI","전기·전자","1121000","-85000","-7.05","18153289035000"
"000157","두산2우B","KOSPI","전기·전자","327000","-17000","-4.94","292023426000"
"454910","두산로보틱스","KOSPI","기계·장비","66000","-3000","-4.35","4278118680000"
"241560","두산밥캣","KOSPI","기계·장비","60200","-1900","-3.06","5770535113000"
"034020","두산에너빌리티","KOSPI","기계·장비","76600","-4800","-5.90","49066983783600"
"000155","두산우","KOSPI","전기·전자","405000","-22500","-5.26","1618567110000"
"336260","두산퓨얼셀","KOSPI","전기·전자","38700","-5650","-12.74","2534607196200"
"33626K","두산퓨얼셀1우","KOSPI","전기·전자","5900","-30","-0.51","78848780000"
"33626L","두산퓨얼셀2우B","KOSPI","전기·전자","7290","-200","-2.67","21770127000"
"016740","두올","KOSPI","운송장비·부품","3715","10","0.27","106523999160"
"192650","드림텍","KOSPI","전기·전자","6210","330","5.61","409157208090"
"024090","디씨엠","KOSPI","금속","11520","220","1.95","131328000000"
"003160","디아이","KOSPI","의료·정밀기기","30600","3950","14.82","865980000000"
"092200","디아이씨","KOSPI","운송장비·부품","5710","-370","-6.09","222053728990"
"377190","디앤디플랫폼리츠","KOSPI","부동산","2210","-10","-0.45","195364000000"
"013570","디와이","KOSPI","기타금융","4290","-40","-0.92","112911225570"
"024900","디와이덕양","KOSPI","운송장비·부품","1698","-16","-0.93","55295336040"
"002880","디와이에이","KOSPI","운송장비·부품","753","0","0.00","35220818235"
"210540","디와이파워","KOSPI","기계·장비","11380","-150","-1.30","125654637040"
"032350","롯데관광개발","KOSPI","일반서비스","13390","200","1.52","1067523882620"
"089860","롯데렌탈","KOSPI","일반서비스","50500","-900","-1.75","1833624094000"
"330590","롯데리츠","KOSPI","부동산","3860","10","0.26","1115419892240"
"000400","롯데손해보험","KOSPI","보험","2090","-65","-3.02","648602908800"
"023530","롯데쇼핑","KOSPI","유통","105300","-8000","-7.06","2978805901500"
"020150","롯데에너지머티리얼즈","KOSPI","전기·전자","36400","-3450","-8.66","1906102853200"
"280360","롯데웰푸드","KOSPI","음식료·담배","148600","3900","2.70","1367799696400"
"286940","롯데이노베이트","KOSPI","IT 서비스","17810","-690","-3.73","269454026270"
"004000","롯데정밀화학","KOSPI","화학","45950","-1750","-3.67","1185510000000"
"004990","롯데지주","KOSPI","기타금융","23950","-300","-1.24","2386947435200"
"00499K","롯데지주우","KOSPI","기타금융","24550","100","0.41","19777553650"
"005300","롯데칠성","KOSPI","음식료·담배","97500","-1600","-1.61","904691190000"
"005305","롯데칠성우","KOSPI","음식료·담배","67000","-600","-0.89","51945770000"
"011170","롯데케미칼","KOSPI","화학","57300","-2700","-4.50","2451031508700"
"071840","롯데하이마트","KOSPI","유통","6400","-30","-0.47","151089356800"
"027740","마니커","KOSPI","음식료·담배","1504","-62","-3.96","47760443456"
"357430","마스턴프리미어리츠","KOSPI","부동산","950","20","2.15","28980041650"
"001080","만호제강","KOSPI","금속","3980","-75","-1.85","139757540800"
"088980","맥쿼리인프라","KOSPI","기타금융","9860","-100","-1.00","4722170850980"
"094800","맵스리얼티","KOSPI","기타금융","7220","10","0.14","670263869820"
"138040","메리츠금융지주","KOSPI","기타금융","129800","4400","3.51","21721676035400"
"090370","메타랩스","KOSPI","섬유·의류","1160","-60","-4.92","31673439240"
"118000","메타케어","KOSPI","유통","1312","-32","-2.38","28937189920"
"017180","명문제약","KOSPI","제약","1268","-18","-1.40","43052979672"
"009900","명신산업","KOSPI","운송장비·부품","7900","-600","-7.06","414514050700"
"317450","명인제약","KOSPI","제약","45500","-300","-0.66","664300000000"
"012690","모나리자","KOSPI","종이·목재","1483","-54","-3.51","54235171165"
"005360","모나미","KOSPI","유통","1333","-32","-2.34","25190110231"
"070960","모나용평","KOSPI","일반서비스","2065","-35","-1.67","99395332645"
"009680","모토닉","KOSPI","운송장비·부품","10390","0","0.00","225806846660"
"009580","무림P&P","KOSPI","종이·목재","1635","-6","-0.37","101972209740"
"009200","무림페이퍼","KOSPI","종이·목재","1526","-16","-1.04","63495807060"
"033920","무학","KOSPI","음식료·담배","7780","-120","-1.52","221730000000"
"008420","문배철강","KOSPI","금속","2155","-25","-1.15","44185053275"
"025560","미래산업","KOSPI","의료·정밀기기","6350","-150","-2.31","176394605300"
"007120","미래아이앤지","KOSPI","IT 서비스","1172","-32","-2.66","32022689608"
"396690","미래에셋글로벌리츠","KOSPI","부동산","1529","7","0.46","60557482260"
"357250","미래에셋맵스리츠","KOSPI","부동산","1886","-14","-0.74","47140768030"
"085620","미래에셋생명","KOSPI","보험","20450","-2000","-8.91","2764431000000"
"006800","미래에셋증권","KOSPI","증권","33000","-1900","-5.44","17919694683000"
"00680K","미래에셋증권2우B","KOSPI","증권","10800","-380","-3.40","1374528420000"
"006805","미래에셋증권우","KOSPI","증권","11810","-690","-5.52","158893310730"
"081660","미스토홀딩스","KOSPI","유통","41350","-400","-0.96","2195347584000"
"002840","미원상사","KOSPI","화학","128400","-9600","-6.96","577800000000"
"268280","미원에스씨","KOSPI","화학","129900","-3100","-2.33","649500000000"
"107590","미원홀딩스","KOSPI","기타금융","64400","500","0.78","149408000000"
"134380","미원화학","KOSPI","화학","10310","0","0.00","226744530800"
"003650","미창석유","KOSPI","화학","134800","-1500","-1.10","234507785600"
"377740","바이오노트","KOSPI","제약","4765","-35","-0.73","485487018720"
"003610","방림","KOSPI","섬유·의류","5540","40","0.73","177893710120"
"035150","백산","KOSPI","화학","10810","-140","-1.28","213725363990"
"002410","범양건영","KOSPI","건설","1935","0","0.00","53173451700"
"007210","벽산","KOSPI","비금속","1425","-24","-1.66","93138000000"
"002760","보락","KOSPI","화학","1017","-9","-0.88","60918300000"
"003850","보령","KOSPI","제약","8860","-200","-2.21","760074654020"
"000890","보해양조","KOSPI","음식료·담배","1340","19","1.44","37016193500"
"003000","부광약품","KOSPI","제약","4065","-315","-7.19","401071887615"
"001270","부국증권","KOSPI","증권","53700","-1900","-3.42","556862878200"
"001275","부국증권우","KOSPI","증권","30150","-150","-0.50","90450000000"
"026940","부국철강","KOSPI","금속","2190","35","1.62","43800000000"
"011390","부산산업","KOSPI","비금속","52900","2200","4.34","55862400000"
"005030","부산주공","KOSPI","운송장비·부품","486","0","0.00","45092532168"
"006740","블루산업개발","KOSPI","종이·목재","5200","-70","-1.33","30944986800"
"002070","비비안","KOSPI","섬유·의류","4720","-95","-1.97","22664496000"
"100220","비상교육","KOSPI","오락·문화","4955","-10","-0.20","64398851655"
"090460","비에이치","KOSPI","전기·전자","20250","-1750","-7.95","682658644500"
"005180","빙그레","KOSPI","음식료·담배","92800","1300","1.42","860166076800"
"003960","사조대림","KOSPI","음식료·담배","30700","-250","-0.81","281349136900"
"008040","사조동아원","KOSPI","음식료·담배","7770","1230","18.81","109669354200"
"007160","사조산업","KOSPI","음식료·담배","50200","-1500","-2.90","251000000000"
"014710","사조씨푸드","KOSPI","음식료·담배","10500","50","0.48","180794701500"
"006090","사조오양","KOSPI","음식료·담배","9040","-220","-2.38","85181560560"
"062040","산일전기","KOSPI","전기·전자","183800","-11800","-6.03","5632155830000"
"005610","삼립","KOSPI","음식료·담배","41100","-350","-0.84","354652269900"
"001470","삼부토건","KOSPI","건설","5820","0","0.00","227794235460"
"028050","삼성E&A","KOSPI","일반서비스","43700","-2100","-4.59","8565200000000"
"448730","삼성FN리츠","KOSPI","부동산","5360","-170","-3.07","488028000000"
"006400","삼성SDI","KOSPI","전기·전자","538000","-31000","-5.45","43355015140000"
"006405","삼성SDI우","KOSPI","전기·전자","214500","-11000","-4.88","347038692000"
"006660","삼성공조","KOSPI","운송장비·부품","12320","-410","-3.22","100116188480"
"028260","삼성물산","KOSPI","유통","373000","-17500","-4.48","60488507713000"
"02826K","삼성물산우B","KOSPI","유통","235500","-13000","-5.23","345617445000"
"207940","삼성바이오로직스","KOSPI","제약","1501000","-19000","-1.25","69482717451000"
"032830","삼성생명","KOSPI","보험","294000","-15500","-5.01","58800000000000"
"018260","삼성에스디에스","KOSPI","IT 서비스","233000","-12000","-4.90","18029027400000"
"0126Z0","삼성에피스홀딩스","KOSPI","기타금융","364000","-13500","-3.58","9057429836000"
"009150","삼성전기","KOSPI","전기·전자","1400000","-30000","-2.10","104571174400000"
"009155","삼성전기우","KOSPI","전기·전자","515000","-9000","-1.72","1497096760000"
"005930","삼성전자","KOSPI","전기·전자","250500","-10500","-4.02","1464492791304000"
"005935","삼성전자우","KOSPI","전기·전자","185500","-4800","-2.52","148839858156500"
"001360","삼성제약","KOSPI","제약","1331","-31","-2.28","125329727149"
"010140","삼성중공업","KOSPI","운송장비·부품","19940","-1060","-5.05","17547200000000"
"016360","삼성증권","KOSPI","증권","85200","-3100","-3.51","7608360000000"
"068290","삼성출판사","KOSPI","오락·문화","6340","-120","-1.86","63400000000"
"029780","삼성카드","KOSPI","기타금융","45400","-650","-1.41","5259993651400"
"000810","삼성화재","KOSPI","보험","657000","-20000","-2.95","29333389761000"
"000815","삼성화재우","KOSPI","보험","434000","-3000","-0.69","1305046680000"
"006110","삼아알미늄","KOSPI","금속","68300","-2600","-3.67","1032931976500"
"0120G0","삼양바이오팜","KOSPI","제약","52100","-1400","-2.62","387408827000"
"145990","삼양사","KOSPI","음식료·담배","47000","300","0.64","484732103000"
"145995","삼양사우","KOSPI","음식료·담배","33050","50","0.15","12230813500"
"003230","삼양식품","KOSPI","음식료·담배","1475000","-17000","-1.14","11111197125000"
"272550","삼양패키징","KOSPI","화학","9800","-60","-0.61","147670378800"
"000070","삼양홀딩스","KOSPI","기타금융","60900","-800","-1.30","472778331900"
"003720","삼영","KOSPI","화학","6080","-180","-2.88","206720000000"
"002810","삼영무역","KOSPI","유통","22300","-50","-0.22","411812940400"
"005680","삼영전자","KOSPI","전기·전자","12050","-160","-1.31","241000000000"
"023000","삼원강재","KOSPI","운송장비·부품","2210","0","0.00","87825302760"
"004380","삼익THK","KOSPI","기계·장비","8000","-200","-2.44","165600000000"
"002450","삼익악기","KOSPI","기타제조","1142","-20","-1.72","103386304930"
"004440","삼일씨엔에스","KOSPI","비금속","5130","-230","-4.29","65314888110"
"000520","삼일제약","KOSPI","제약","6130","-70","-1.13","132970801430"
"009770","삼정펄프","KOSPI","종이·목재","27900","150","0.54","69749190900"
"005500","삼진제약","KOSPI","제약","18660","-160","-0.85","248551200000"
"004690","삼천리","KOSPI","전기·가스","135700","1200","0.89","492153638900"
"010960","삼호개발","KOSPI","건설","3155","65","2.10","76098600000"
"004450","삼화왕관","KOSPI","금속","26950","200","0.75","58060514050"
"009470","삼화전기","KOSPI","전기·전자","22450","-550","-2.39","148480259000"
"011230","삼화전자","KOSPI","전기·전자","2585","0","0.00","49543554225"
"001820","삼화콘덴서","KOSPI","전기·전자","111500","-1000","-0.89","1159042500000"
"001290","상상인증권","KOSPI","증권","1010","0","0.00","109420491200"
"041650","상신브레이크","KOSPI","운송장비·부품","2225","-25","-1.11","47773976250"
"075180","새론오토모티브","KOSPI","운송장비·부품","2945","-10","-0.34","56544000000"
"007540","샘표","KOSPI","기타금융","43350","-850","-1.92","124665930000"
"248170","샘표식품","KOSPI","음식료·담배","23100","-400","-1.70","105527406600"
"007860","서연","KOSPI","기타금융","7860","-170","-2.12","184551573840"
"200880","서연이화","KOSPI","운송장비·부품","11610","-530","-4.37","313800153570"
"017390","서울가스","KOSPI","전기·가스","56000","-1200","-2.10","277200000000"
"031210","서울보증보험","KOSPI","보험","43500","-150","-0.34","3037239513000"
"004410","서울식품","KOSPI","음식료·담배","1270","11","0.87","50107866510"
"004415","서울식품우","KOSPI","음식료·담배","5110","-240","-4.49","1136719500"
"021050","서원","KOSPI","금속","1115","-19","-1.68","52934167850"
"008490","서흥","KOSPI","화학","21400","-900","-4.04","247579018200"
"007610","선도전기","KOSPI","전기·전자","3990","-30","-0.75","71820000000"
"136490","선진","KOSPI","음식료·담배","10150","-190","-1.84","241362980600"
"014910","성문전자","KOSPI","전기·전자","2170","90","4.33","47430247690"
"014915","성문전자우","KOSPI","전기·전자","4725","-655","-12.17","2835000000"
"004980","성신양회","KOSPI","비금속","8330","-210","-2.46","204218888090"
"004985","성신양회우","KOSPI","비금속","8260","-180","-2.13","6076427700"
"000180","성창기업지주","KOSPI","일반서비스","5150","-60","-1.15","71844148000"
"004360","세방","KOSPI","운송·창고","13300","-330","-2.42","254237519900"
"004365","세방우","KOSPI","운송·창고","9360","0","0.00","34531380000"
"004490","세방전지","KOSPI","전기·전자","65500","-1600","-2.38","907830000000"
"001430","세아베스틸지주","KOSPI","금속","40200","-1150","-2.78","1441657183800"
"306200","세아제강","KOSPI","금속","138500","-1100","-0.79","392827550000"
"003030","세아제강지주","KOSPI","기타금융","100200","-2100","-2.05","414994031400"
"058650","세아홀딩스","KOSPI","금속","136900","-1300","-0.94","580762108400"
"013000","세우글로벌","KOSPI","유통","1209","0","0.00","34704382479"
"021820","세원정공","KOSPI","운송장비·부품","10580","480","4.75","105800000000"
"067830","세이브존I&C","KOSPI","유통","2365","-80","-3.27","97061716675"
"075580","세진중공업","KOSPI","운송장비·부품","9880","-560","-5.36","561672625280"
"068270","셀트리온","KOSPI","제약","186300","-1700","-0.90","43336579888800"
"336370","솔루스첨단소재","KOSPI","전기·전자","7500","-450","-5.66","526592235000"
"33637K","솔루스첨단소재1우","KOSPI","전기·전자","1445","-1","-0.07","24430750830"
"33637L","솔루스첨단소재2우B","KOSPI","전기·전자","2270","-110","-4.62","8575814840"
"248070","솔루엠","KOSPI","전기·전자","13090","-370","-2.75","625914529240"
"004430","송원산업","KOSPI","화학","11330","-320","-2.75","271920000000"
"017550","수산세보틱스","KOSPI","기계·장비","1817","-19","-1.03","113379219210"
"126720","수산인더스트리","KOSPI","건설","20950","-450","-2.10","299291700000"
"053210","스카이라이프","KOSPI","오락·문화","4120","-10","-0.24","195794574600"
"026890","스틱인베스트먼트","KOSPI","기타금융","8350","-130","-1.53","323736488950"
"134790","시디즈","KOSPI","기타제조","19880","-470","-2.31","39760000000"
"462870","시프트업","KOSPI","IT 서비스","32650","-400","-1.21","1917922708500"
"016590","신대양제지","KOSPI","종이·목재","10470","-80","-0.76","421918175400"
"029530","신도리코","KOSPI","전기·전자","40150","-900","-2.19","390086519350"
"004970","신라교역","KOSPI","농업, 임업 및 어업","9270","-70","-0.75","148320000000"
"011930","신성이엔지","KOSPI","전기·전자","16400","-450","-2.67","333021384800"
"004170","신세계","KOSPI","유통","386500","-49500","-11.35","3650562456500"
"035510","신세계 I&C","KOSPI","IT 서비스","13000","-170","-1.29","181751700000"
"031430","신세계인터내셔날","KOSPI","유통","10430","-420","-3.87","364903980000"
"006880","신송홀딩스","KOSPI","유통","4370","-80","-1.80","51692109460"
"005800","신영와코루","KOSPI","섬유·의류","13450","-30","-0.22","121050000000"
"001720","신영증권","KOSPI","증권","151000","-3000","-1.95","2482440000000"
"009270","신원","KOSPI","섬유·의류","1164","27","2.37","133592737452"
"002700","신일전자","KOSPI","유통","994","-7","-0.70","68136235874"
"002870","신풍","KOSPI","유통","1012","14","1.40","35378204400"
"019170","신풍제약","KOSPI","제약","10380","-120","-1.14","544104258360"
"019175","신풍제약우","KOSPI","제약","15650","-50","-0.32","31162749500"
"481850","신한글로벌액티브리츠","KOSPI","기타금융","984","-1","-0.10","42782021376"
"404990","신한서부티엔디리츠","KOSPI","부동산","3855","-65","-1.66","237575400300"
"293940","신한알파리츠","KOSPI","부동산","5380","-40","-0.74","650657861740"
"055550","신한지주","KOSPI","기타금융","110500","-600","-0.54","51874251409500"
"004080","신흥","KOSPI","유통","14090","0","0.00","131037000000"
"004770","써니전자","KOSPI","전기·전자","1865","-510","-21.47","66221371870"
"403550","쏘카","KOSPI","일반서비스","11320","-100","-0.88","429480143440"
"004920","씨아이테크","KOSPI","전기·전자","919","-6","-0.65","47953302368"
"112610","씨에스윈드","KOSPI","금속","45550","-1750","-3.70","1920907406650"
"480370","씨케이솔루션","KOSPI","기계·장비","1420","-15","-1.05","46123599360"
"308170","씨티알모빌리티","KOSPI","운송장비·부품","3640","0","0.00","31340400000"
"008700","아남전자","KOSPI","전기·전자","1242","16","1.31","95789026440"
"090430","아모레퍼시픽","KOSPI","화학","142300","-4000","-2.73","8323519605700"
"090435","아모레퍼시픽우","KOSPI","화학","45250","-300","-0.66","477741807500"
"002790","아모레퍼시픽홀딩스","KOSPI","화학","26400","-800","-2.94","2018495952000"
"00279K","아모레퍼시픽홀딩스3우C","KOSPI","화학","21750","-600","-2.68","154255350000"
"002795","아모레퍼시픽홀딩스우","KOSPI","화학","11190","-40","-0.36","71405314680"
"002030","아세아","KOSPI","일반서비스","207500","-7000","-3.26","427211790000"
"183190","아세아시멘트","KOSPI","비금속","10440","-630","-5.69","375613159680"
"002310","아세아제지","KOSPI","종이·목재","8450","-160","-1.86","333348359500"
"012170","아센디오","KOSPI","오락·문화","3120","75","2.46","22765769520"
"267850","아시아나IDT","KOSPI","IT 서비스","9270","-70","-0.75","102897000000"
"020560","아시아나항공","KOSPI","운송·창고","7690","-20","-0.26","1584068567590"
"122900","아이마켓코리아","KOSPI","유통","8100","-120","-1.46","270773604000"
"010780","아이에스동서","KOSPI","비금속","15610","-180","-1.14","471218695360"
"031820","아이티센씨티에스","KOSPI","IT 서비스","5840","-80","-1.35","70694052640"
"139990","아주스틸","KOSPI","금속","2240","-40","-1.75","86812127360"
"009320","아진전자부품","KOSPI","운송장비·부품","968","-1","-0.10","47722177360"
"001780","알루코","KOSPI","금속","1592","-49","-2.99","154153570144"
"018250","애경산업","KOSPI","화학","11750","-310","-2.57","310316736250"
"161000","애경케미칼","KOSPI","화학","10290","-610","-5.60","500595215610"
"011090","에넥스","KOSPI","기타제조","1190","-310","-20.67","14109894260"
"137310","에스디바이오센서","KOSPI","의료·정밀기기","6030","-160","-2.58","728117085060"
"005850","에스엘","KOSPI","운송장비·부품","50100","-2800","-5.29","2327070852000"
"010580","에스엠벡셀","KOSPI","운송장비·부품","1738","-58","-3.23","193355558880"
"012750","에스원","KOSPI","일반서비스","80200","-1200","-1.47","3047534075600"
"023960","에쓰씨엔지니어링","KOSPI","건설","1034","-1","-0.10","39329196082"
"298690","에어부산","KOSPI","운송·창고","1500","-25","-1.64","244372308000"
"078520","에이블씨엔씨","KOSPI","화학","11560","-640","-5.25","300723701160"
"015260","에이엔피","KOSPI","전기·전자","285","-23","-7.47","13428314790"
"007460","에이프로젠","KOSPI","제약","2060","-100","-4.63","51141463180"
"003060","에이프로젠바이오로직스","KOSPI","제약","1742","4","0.23","27853390214"
"244920","에이플러스에셋","KOSPI","기타금융","13100","-260","-1.95","296160778300"
"278470","에이피알","KOSPI","화학","419000","-13500","-3.12","15686586945000"
"450080","에코프로머티","KOSPI","전기·전자","35100","-2300","-6.15","2485566837000"
"019490","엑시큐어하이트론","KOSPI","전기·전자","541","0","0.00","41349858070"
"085310","엔케이","KOSPI","금속","9220","-240","-2.54","68394642280"
"900140","엘브이엠씨홀딩스","KOSPI","유통","1197","-34","-2.76","231308797104"
"066970","엘앤에프","KOSPI","전기·전자","124700","-6500","-4.95","5073377351400"
"097520","엠씨넥스","KOSPI","전기·전자","19120","-1630","-7.86","332716680000"
"484870","엠앤씨솔루션","KOSPI","기계·장비","17700","-700","-3.80","486072090000"
"014440","영보화학","KOSPI","화학","4700","0","0.00","94000000000"
"111770","영원무역","KOSPI","유통","74200","-300","-0.40","3287910925600"
"009970","영원무역홀딩스","KOSPI","기타금융","168400","1400","0.84","2181422782800"
"003520","영진약품","KOSPI","제약","1123","-25","-2.18","205388536913"
"000670","영풍","KOSPI","금속","39900","-450","-1.12","734586251700"
"012280","영화금속","KOSPI","운송장비·부품","4025","-75","-1.83","39867226525"
"012160","영흥","KOSPI","금속","2495","-10","-0.40","38973653985"
"007310","오뚜기","KOSPI","음식료·담배","336000","-500","-0.15","1346630880000"
"002630","오리엔트바이오","KOSPI","제약","913","73","8.69","54133141326"
"271560","오리온","KOSPI","음식료·담배","127500","-2200","-1.70","5039920470000"
"001800","오리온홀딩스","KOSPI","기타금융","25550","50","0.20","1537002458600"
"005320","온타이드","KOSPI","유통","1146","106","10.19","39179270370"
"011690","와이투솔루션","KOSPI","전기·전자","3275","-95","-2.82","120206890350"
"316140","우리금융지주","KOSPI","기타금융","34500","-50","-0.14","25419136216500"
"006980","우성","KOSPI","음식료·담배","15790","0","0.00","48791100000"
"011300","우성머티리얼스","KOSPI","섬유·의류","2515","180","7.71","43355846075"
"017370","우신시스템","KOSPI","기계·장비","3605","-65","-1.77","66022164670"
"002420","우양피앤엘","KOSPI","유통","5720","-10","-0.17","178280296480"
"105840","우진","KOSPI","의료·정밀기기","12720","-260","-2.00","256914362400"
"010400","우진아이엔에스","KOSPI","건설","4530","-115","-2.48","34527660000"
"049800","우진플라임","KOSPI","기계·장비","1855","70","3.92","37100000000"
"016880","웅진","KOSPI","기타금융","2035","-60","-2.86","162651607800"
"095720","웅진씽크빅","KOSPI","일반서비스","1269","-10","-0.78","72113570865"
"005820","원림","KOSPI","섬유·의류","15360","-180","-1.16","35296819200"
"008600","윌비스","KOSPI","유통","2620","0","0.00","17615839860"
"033270","유나이티드제약","KOSPI","제약","18260","100","0.55","290530751500"
"014830","유니드","KOSPI","화학","63500","-2900","-4.37","429742600000"
"446070","유니드비티플러스","KOSPI","종이·목재","3975","30","0.76","42179579625"
"000910","유니온","KOSPI","비금속","2930","-70","-2.33","45742043670"
"047400","유니온머티리얼","KOSPI","비금속","934","-17","-1.79","39228000000"
"011330","유니켐","KOSPI","운송장비·부품","4360","-70","-1.58","43681893880"
"077500","유니퀘스트","KOSPI","유통","7570","-90","-1.17","163512772140"
"002920","유성기업","KOSPI","운송장비·부품","1807","12","0.67","46887132500"
"000700","유수홀딩스","KOSPI","일반서비스","6600","-10","-0.15","171875959200"
"003470","유안타증권","KOSPI","증권","4675","-105","-2.20","900779476850"
"003475","유안타증권우","KOSPI","증권","4285","-55","-1.27","54896720450"
"072130","유엔젤","KOSPI","IT 서비스","4795","10","0.21","60874701930"
"000220","유유제약","KOSPI","제약","3880","-60","-1.52","61100152560"
"000225","유유제약1우","KOSPI","제약","3755","-5","-0.13","8512322150"
"000227","유유제약2우B","KOSPI","제약","7390","-230","-3.02","2386674400"
"001200","유진투자증권","KOSPI","증권","4300","-145","-3.26","416525597400"
"000100","유한양행","KOSPI","제약","81300","-1400","-1.69","5984962995300"
"000105","유한양행우","KOSPI","제약","69300","-1400","-1.98","79579962000"
"003460","유화증권","KOSPI","증권","3030","-65","-2.10","171808317450"
"003465","유화증권우","KOSPI","증권","3240","195","6.40","56623617000"
"008730","율촌화학","KOSPI","화학","16010","-290","-1.78","397048000000"
"008250","이건산업","KOSPI","종이·목재","3075","-30","-0.97","33679352625"
"025820","이구산업","KOSPI","금속","4260","-150","-3.40","142462920000"
"214320","이노션","KOSPI","일반서비스","18860","-170","-0.89","754400000000"
"088260","이리츠코크렙","KOSPI","부동산","3210","10","0.31","203326503900"
"139480","이마트","KOSPI","유통","72900","-1900","-2.54","2011735205100"
"457190","이수스페셜티케미컬","KOSPI","화학","64300","-5300","-7.61","1943073469600"
"007660","이수페타시스","KOSPI","전기·전자","112000","900","0.81","8221832528000"
"005950","이수화학","KOSPI","화학","11300","-1310","-10.39","297124109700"
"015020","이스타코","KOSPI","부동산","928","0","0.00","19883142400"
"074610","이엔플러스","KOSPI","기계·장비","5110","0","0.00","44815400070"
"102460","이연제약","KOSPI","제약","9950","0","0.00","184938769450"
"084680","이월드","KOSPI","기타제조","589","31","5.56","83523847677"
"350520","이지스레지던스리츠","KOSPI","부동산","3415","5","0.15","125898079830"
"334890","이지스밸류플러스리츠","KOSPI","부동산","4030","-20","-0.49","279878192490"
"000760","이화산업","KOSPI","유통","13790","-100","-0.72","38612000000"
"014990","인디에프","KOSPI","섬유·의류","4170","160","3.99","62644237830"
"101140","인바이오젠","KOSPI","유통","5600","30","0.54","56247609600"
"023800","인지컨트롤스","KOSPI","운송장비·부품","5400","-60","-1.10","85369663800"
"034590","인천도시가스","KOSPI","전기·가스","26750","0","0.00","117024669500"
"129260","인터지스","KOSPI","운송·창고","1900","-27","-1.40","56520960600"
"023810","인팩","KOSPI","운송장비·부품","5130","-20","-0.39","51300000000"
"249420","일동제약","KOSPI","제약","16490","1990","13.72","521714775480"
"000230","일동홀딩스","KOSPI","제약","6550","50","0.77","75589620000"
"013360","일성건설","KOSPI","건설","1490","-4","-0.27","80497071200"
"003120","일성아이에스","KOSPI","제약","20550","-50","-0.24","273315000000"
"003200","일신방직","KOSPI","섬유·의류","10570","-270","-2.49","242687200000"
"007110","일신석재","KOSPI","유통","603","1","0.17","46706335830"
"007570","일양약품","KOSPI","제약","8460","-130","-1.51","161464717440"
"007575","일양약품우","KOSPI","제약","8010","-280","-3.38","3565090800"
"081000","일진다이아","KOSPI","화학","9490","-130","-1.35","134786232750"
"020760","일진디스플","KOSPI","전기·전자","902","0","0.00","55503470462"
"103590","일진전기","KOSPI","전기·전자","67500","-3600","-5.06","3218763825000"
"271940","일진하이솔루스","KOSPI","운송장비·부품","10600","-220","-2.03","384919814000"
"015860","일진홀딩스","KOSPI","기타금융","6360","-310","-4.65","313849991880"
"226320","잇츠한불","KOSPI","화학","10810","-390","-3.48","237055895150"
"317400","자이에스앤디","KOSPI","부동산","10150","-680","-6.28","393642578000"
"033240","자화전자","KOSPI","전기·전자","29850","-150","-0.50","644924234700"
"000950","전방","KOSPI","섬유·의류","32150","-2100","-6.13","54012000000"
"079900","전진건설로봇","KOSPI","기계·장비","37350","-1050","-2.73","545031555750"
"348950","제이알글로벌리츠","KOSPI","부동산","1182","0","0.00","233298432000"
"194370","제이에스코퍼레이션","KOSPI","섬유·의류","13150","-490","-3.59","381570367700"
"030000","제일기획","KOSPI","일반서비스","18880","-300","-1.56","2171978328000"
"271980","제일약품","KOSPI","제약","10890","-520","-4.56","160136056080"
"001560","제일연마","KOSPI","비금속","9080","-90","-0.98","69008000000"
"002620","제일파마홀딩스","KOSPI","일반서비스","7560","-40","-0.53","120758563800"
"006220","제주은행","KOSPI","은행","10020","-130","-1.28","378741541140"
"089590","제주항공","KOSPI","운송·창고","4395","-90","-2.01","354417129075"
"004910","조광페인트","KOSPI","화학","3550","-60","-1.66","45440000000"
"004700","조광피혁","KOSPI","섬유·의류","65000","500","0.78","432193970000"
"001550","조비","KOSPI","화학","11310","200","1.80","58724223090"
"462520","조선내화","KOSPI","비금속","13070","-160","-1.21","154947045760"
"120030","조선선재","KOSPI","금속","83500","-400","-0.48","105013858500"
"018470","조일알미늄","KOSPI","금속","973","0","0.00","123212664533"
"002600","조흥","KOSPI","음식료·담배","137900","0","0.00","82740000000"
"185750","종근당","KOSPI","제약","69300","500","0.73","956532654000"
"063160","종근당바이오","KOSPI","제약","13730","-370","-2.62","75322258260"
"001630","종근당홀딩스","KOSPI","제약","39100","-350","-0.89","195885565100"
"109070","주성코퍼레이션","KOSPI","전기·전자","1550","0","0.00","81855856500"
"044380","주연테크","KOSPI","전기·전자","1081","-3","-0.28","15021917596"
"013890","지누스","KOSPI","기타제조","7710","10","0.13","169048018230"
"013870","지엠비코리아","KOSPI","운송장비·부품","3860","-130","-3.26","73619000800"
"071320","지역난방공사","KOSPI","전기·가스","74300","-1400","-1.85","860300679200"
"088790","진도","KOSPI","유통","2410","65","2.77","29999063040"
"003780","진양산업","KOSPI","화학","3885","-30","-0.77","50505000000"
"010640","진양폴리","KOSPI","화학","2190","85","4.04","36573000000"
"100250","진양홀딩스","KOSPI","화학","3165","-5","-0.16","202243500000"
"051630","진양화학","KOSPI","화학","1417","2","0.14","30040400000"
"272450","진에어","KOSPI","운송·창고","5740","-60","-1.03","299628000000"
"011000","진원생명과학","KOSPI","제약","2670","0","0.00","48531471270"
"002780","진흥기업","KOSPI","건설","782","0","0.00","113758904590"
"002787","진흥기업2우B","KOSPI","건설","2895","0","0.00","853469160"
"002785","진흥기업우B","KOSPI","건설","1336","0","0.00","1145243248"
"025620","차AI헬스케어","KOSPI","화학","4780","-240","-4.78","87014990940"
"009310","참엔지니어링","KOSPI","기계·장비","5330","0","0.00","23329484620"
"000650","천일고속","KOSPI","운송·창고","148900","-1100","-0.73","212810858000"
"033250","체시스","KOSPI","운송장비·부품","4600","-70","-1.50","29440000000"
"035720","카카오","KOSPI","IT 서비스","35100","-1400","-3.84","15548635557000"
"323410","카카오뱅크","KOSPI","은행","21900","-50","-0.23","10448937570300"
"377300","카카오페이","KOSPI","기타금융","44750","-1150","-2.51","6053452653750"
"006380","카프로","KOSPI","화학","3660","0","0.00","618539985360"
"279570","케이뱅크","KOSPI","은행","5560","-90","-1.59","2255665039560"
"001620","케이비아이동국실업","KOSPI","운송장비·부품","2200","40","1.85","48968933200"
"029460","케이씨","KOSPI","의료·정밀기기","37400","-1750","-4.47","412168009000"
"281820","케이씨텍","KOSPI","의료·정밀기기","65100","-900","-1.36","1288892831100"
"381970","케이카","KOSPI","유통","6230","-200","-3.11","304153883040"
"145270","케이탑리츠","KOSPI","부동산","799","4","0.50","38400558426"
"417310","코람코더원리츠","KOSPI","부동산","2360","-10","-0.42","95344000000"
"357120","코람코라이프인프라리츠","KOSPI","부동산","4170","-15","-0.36","405888426180"
"007815","코리아써우","KOSPI","전기·전자","18610","-490","-2.57","55172880900"
"007810","코리아써키트","KOSPI","전기·전자","57300","-2100","-3.54","1374204126000"
"00781K","코리아써키트2우B","KOSPI","전기·전자","14180","80","0.57","11112851820"
"003690","코리안리","KOSPI","보험","14850","170","1.16","2624307310350"
"192820","코스맥스","KOSPI","화학","285500","-1500","-0.52","3240284819500"
"044820","코스맥스비티아이","KOSPI","기타금융","24800","-800","-3.13","238177240800"
"005070","코스모신소재","KOSPI","화학","38150","-2050","-5.10","1267135883650"
"005420","코스모화학","KOSPI","화학","10360","-1020","-8.96","397909242080"
"071950","코아스","KOSPI","기타제조","1759","-45","-2.49","25433724005"
"002020","코오롱","KOSPI","기타금융","25100","-1250","-4.74","323982768000"
"003070","코오롱글로벌","KOSPI","건설","9790","20","0.20","248900558610"
"003075","코오롱글로벌우","KOSPI","건설","13160","320","2.49","9748098920"
"002025","코오롱우","KOSPI","기타금융","13380","-60","-0.45","15526647060"
"120110","코오롱인더","KOSPI","화학","56300","-2600","-4.41","1685961601600"
"120115","코오롱인더우","KOSPI","화학","25200","-150","-0.59","69750072000"
"021240","코웨이","KOSPI","일반서비스","98700","900","0.92","6984744946200"
"036420","콘텐트리중앙","KOSPI","오락·문화","1578","-19","-1.19","30395922024"
"024720","콜마홀딩스","KOSPI","기타금융","10000","-150","-1.48","342962590000"
"192400","쿠쿠홀딩스","KOSPI","기타금융","27550","-350","-1.25","979738196750"
"284740","쿠쿠홈시스","KOSPI","일반서비스","23400","0","0.00","525033522000"
"264900","크라운제과","KOSPI","음식료·담배","8160","10","0.12","102194616000"
"26490K","크라운제과우","KOSPI","음식료·담배","7760","-30","-0.39","6002825600"
"005740","크라운해태홀딩스","KOSPI","기타금융","5650","-30","-0.53","83887510550"
"005745","크라운해태홀딩스우","KOSPI","기타금융","5200","-150","-2.80","3123775200"
"259960","크래프톤","KOSPI","IT 서비스","221000","-10000","-4.33","10110295403000"
"020120","키다리스튜디오","KOSPI","IT 서비스","6990","-350","-4.77","259075724340"
"039490","키움증권","KOSPI","증권","274000","-8000","-2.84","7186558584000"
"014580","태경비케이","KOSPI","비금속","3845","-55","-1.41","106057019500"
"015890","태경산업","KOSPI","화학","4810","-20","-0.41","140590287500"
"006890","태경케미컬","KOSPI","화학","5150","-90","-1.72","59740000000"
"003240","태광산업","KOSPI","화학","933000","-20000","-2.10","1038802200000"
"011280","태림포장","KOSPI","종이·목재","1647","-3","-0.18","116617383180"
"004100","태양금속","KOSPI","운송장비·부품","2575","-25","-0.96","94502500000"
"004105","태양금속우","KOSPI","운송장비·부품","3170","-45","-1.40","10461000000"
"009410","태영건설","KOSPI","건설","1658","-13","-0.78","493404349324"
"009415","태영건설우","KOSPI","건설","6300","-180","-2.78","4094836200"
"001420","태원물산","KOSPI","운송장비·부품","2890","360","14.23","21964000000"
"055490","테이팩스","KOSPI","화학","16700","-150","-0.89","79937055000"
"078000","텔코웨어","KOSPI","IT 서비스","13470","-20","-0.15","124463837190"
"214420","토니모리","KOSPI","화학","5290","-260","-4.68","127249886710"
"091810","트리니티항공","KOSPI","운송·창고","2775","-45","-1.60","283344402525"
"019180","티에이치엔","KOSPI","전기·전자","5100","-150","-2.86","91800000000"
"217590","티엠씨","KOSPI","전기·전자","10330","-660","-6.01","248893344250"
"363280","티와이홀딩스","KOSPI","기타금융","1967","-1","-0.05","89493254011"
"36328K","티와이홀딩스우","KOSPI","기타금융","2680","35","1.32","3148863320"
"004870","티웨이홀딩스","KOSPI","비금속","1149","3","0.26","26004970002"
"034230","파라다이스","KOSPI","오락·문화","10040","-170","-1.67","929998995280"
"005690","파미셀","KOSPI","전기·전자","10550","-380","-3.48","633042347700"
"036580","팜스코","KOSPI","음식료·담배","2485","-40","-1.58","91268938355"
"004720","팜젠사이언스","KOSPI","제약","3160","-90","-2.77","71587793400"
"028670","팬오션","KOSPI","운송·창고","5510","-90","-1.61","2945478011120"
"010820","퍼스텍","KOSPI","금속","5430","-230","-4.06","264831623340"
"016800","퍼시스","KOSPI","기타제조","27400","-400","-1.44","315100000000"
"001020","페이퍼코리아","KOSPI","종이·목재","2675","205","8.30","95221070850"
"090080","평화산업","KOSPI","운송장비·부품","975","-9","-0.91","53529702525"
"010770","평화홀딩스","KOSPI","운송장비·부품","3605","-20","-0.55","52724804930"
"022100","포스코DX","KOSPI","일반서비스","20900","-800","-3.69","3177525836100"
"058430","포스코스틸리온","KOSPI","금속","4530","-215","-4.53","271800000000"
"047050","포스코인터내셔널","KOSPI","유통","53200","-2100","-3.80","9359092321600"
"003670","포스코퓨처엠","KOSPI","전기·전자","176000","-15300","-8.00","15654534720000"
"017810","풀무원","KOSPI","음식료·담배","9610","-300","-3.03","366338408620"
"103140","풍산","KOSPI","금속","77200","-3700","-4.57","2163474261600"
"005810","풍산홀딩스","KOSPI","기타금융","36950","-1100","-2.89","532718939400"
"950210","프레스티지바이오파마","KOSPI","일반서비스","6720","200","3.07","403846161600"
"006490","프리티","KOSPI","통신","898","0","0.00","26560346254"
"086790","하나금융지주","KOSPI","기타금융","134900","-2500","-1.82","37012209205200"
"293480","하나제약","KOSPI","제약","8520","-10","-0.12","151425499920"
"039130","하나투어","KOSPI","일반서비스","32600","-600","-1.81","504971783200"
"352820","하이브","KOSPI","오락·문화","175700","-2300","-1.29","7573871085200"
"071090","하이스틸","KOSPI","금속","3060","-10","-0.33","61785901260"
"000080","하이트진로","KOSPI","음식료·담배","15510","-90","-0.58","1087772306610"
"000087","하이트진로2우B","KOSPI","음식료·담배","12320","-60","-0.48","13923300160"
"000140","하이트진로홀딩스","KOSPI","기타금융","8050","-140","-1.71","186814458250"
"000145","하이트진로홀딩스우","KOSPI","기타금융","9150","-30","-0.33","4307911500"
"036460","한국가스공사","KOSPI","전기·가스","37000","-500","-1.33","3415581000000"
"005430","한국공항","KOSPI","운송·창고","81200","800","1.00","257108026000"
"071050","한국금융지주","KOSPI","기타금융","185400","-5600","-2.93","10331598916800"
"071055","한국금융지주우","KOSPI","기타금융","149300","-3100","-2.03","874636874300"
"010040","한국내화","KOSPI","비금속","1620","22","1.38","66528640440"
"025540","한국단자","KOSPI","전기·전자","54400","-1100","-1.98","550256000000"
"010100","한국무브넥스","KOSPI","운송장비·부품","3530","-120","-3.29","107489982600"
"004090","한국석유","KOSPI","비금속","11250","40","0.36","142808850000"
"002200","한국수출포장","KOSPI","종이·목재","2710","0","0.00","90784840110"
"002960","한국쉘석유","KOSPI","화학","499000","1000","0.20","648700000000"
"000240","한국앤컴퍼니","KOSPI","기타금융","24200","-400","-1.63","2297432808000"
"123890","한국자산신탁","KOSPI","기타금융","2605","-30","-1.14","318784077230"
"015760","한국전력","KOSPI","전기·가스","31250","-1100","-3.40","20061377406250"
"006200","한국전자홀딩스","KOSPI","기타금융","1919","-28","-1.44","17963043213"
"027970","한국제지","KOSPI","종이·목재","2740","0","0.00","104202594560"
"023350","한국종합기술","KOSPI","일반서비스","3970","-70","-1.73","43471500000"
"025890","한국주강","KOSPI","기계·장비","2565","35","1.38","28585940040"
"000970","한국주철관","KOSPI","금속","6670","-40","-0.60","152079335000"
"104700","한국철강","KOSPI","금속","9890","30","0.30","360490500000"
"017960","한국카본","KOSPI","금속","22150","-1700","-7.13","1144634164900"
"161890","한국콜마","KOSPI","화학","155000","0","0.00","3658786935000"
"161390","한국타이어앤테크놀로지","KOSPI","화학","65600","-1800","-2.67","8126204526400"
"034830","한국토지신탁","KOSPI","기타금융","1159","-21","-1.78","292635017570"
"007280","한국특강","KOSPI","금속","2395","35","1.48","68608463300"
"047810","한국항공우주","KOSPI","운송장비·부품","122600","-4600","-3.62","11950448118200"
"123690","한국화장품","KOSPI","유통","6310","-230","-3.52","101389080000"
"003350","한국화장품제조","KOSPI","화학","13300","-640","-4.59","301378000000"
"011500","한농화성","KOSPI","화학","13200","-940","-6.65","206408954400"
"002390","한독","KOSPI","제약","9630","30","0.31","132542822790"
"053690","한미글로벌","KOSPI","일반서비스","20550","-1150","-5.30","225177652500"
"042700","한미반도체","KOSPI","기계·장비","213500","-1500","-0.70","20349154700000"
"008930","한미사이언스","KOSPI","기타금융","47800","2000","4.37","3269116090000"
"128940","한미약품","KOSPI","제약","474000","-18000","-3.66","6072409734000"
"009240","한샘","KOSPI","유통","37750","-650","-1.69","888405782000"
"020000","한섬","KOSPI","섬유·의류","15400","-500","-3.14","330745707600"
"003680","한성기업","KOSPI","음식료·담배","4730","-190","-3.86","29371005950"
"105630","한세실업","KOSPI","섬유·의류","9200","100","1.10","368000000000"
"069640","한세엠케이","KOSPI","유통","1455","5","0.34","31625124855"
"016450","한세예스24홀딩스","KOSPI","섬유·의류","4580","45","0.99","183200000000"
"009180","한솔로지스틱스","KOSPI","운송·창고","2790","-35","-1.24","78554751750"
"213500","한솔제지","KOSPI","종이·목재","7530","-50","-0.66","179218337280"
"014680","한솔케미칼","KOSPI","화학","193800","-11700","-5.69","2091884176800"
"004710","한솔테크닉스","KOSPI","전기·전자","7580","940","14.16","402648212860"
"004150","한솔홀딩스","KOSPI","기타금융","3395","-5","-0.15","139285374900"
"025750","한솔홈데코","KOSPI","종이·목재","1910","-5","-0.26","30775885390"
"004960","한신공영","KOSPI","건설","11570","-230","-1.95","133873022140"
"011700","한신기계","KOSPI","기계·장비","2320","-75","-3.13","75275070320"
"001750","한양증권","KOSPI","증권","19500","-220","-1.12","294634977000"
"001755","한양증권우","KOSPI","증권","19290","-470","-2.38","9121662300"
"018880","한온시스템","KOSPI","기계·장비","3405","-135","-3.81","3494423989560"
"009420","한올바이오파마","KOSPI","제약","55000","-100","-0.18","2873235090000"
"014130","한익스프레스","KOSPI","운송·창고","2460","-5","-0.20","29071992180"
"300720","한일시멘트","KOSPI","비금속","16390","-680","-3.98","1205405975510"
"002220","한일철강","KOSPI","금속","2990","-30","-0.99","79825405400"
"003300","한일홀딩스","KOSPI","비금속","18810","90","0.48","579939461640"
"051600","한전KPS","KOSPI","건설","44350","-1000","-2.21","1995750000000"
"052690","한전기술","KOSPI","일반서비스","105800","-4700","-4.25","4043676000000"
"130660","한전산업","KOSPI","일반서비스","11860","-390","-3.18","386636000000"
"002320","한진","KOSPI","운송·창고","14730","-430","-2.84","228589213680"
"003480","한진중공업홀딩스","KOSPI","전기·가스","4700","-90","-1.88","138790116400"
"180640","한진칼","KOSPI","기타금융","139100","9300","7.16","9286633008900"
"18064K","한진칼우","KOSPI","기타금융","30650","900","3.03","16451877900"
"005110","한창","KOSPI","유통","1254","0","0.00","26467434378"
"009460","한창제지","KOSPI","종이·목재","2755","-25","-0.90","32876784235"
"372910","한컴라이프케어","KOSPI","의료·정밀기기","1827","-30","-1.62","50561139762"
"000880","한화","KOSPI","화학","126500","-1800","-1.40","6746105470500"
"00088K","한화3우B","KOSPI","화학","38900","-450","-1.14","570920245700"
"452260","한화갤러리아","KOSPI","유통","2100","-15","-0.71","407105181000"
"45226K","한화갤러리아우","KOSPI","유통","4030","-45","-1.10","11705014100"
"451800","한화리츠","KOSPI","부동산","5220","-60","-1.14","937512000000"
"0220W0","한화머시너리앤서비스홀딩스","KOSPI","기타금융","6890","-420","-5.75","582312036150"
"0220WL","한화머시너리앤서비스홀딩스3우B","KOSPI","기타금융","2970","-70","-2.30","70208245800"
"489790","한화비전","KOSPI","전기·전자","48900","-800","-1.61","2468882271000"
"088350","한화생명","KOSPI","보험","5770","-150","-2.53","5011418100000"
"000370","한화손해보험","KOSPI","보험","8580","-310","-3.49","1001619890700"
"009830","한화솔루션","KOSPI","화학","30300","-2800","-8.46","6814243840800"
"009835","한화솔루션우","KOSPI","화학","17500","-100","-0.57","44530780000"
"272210","한화시스템","KOSPI","전기·전자","66900","-3700","-5.24","12638707124100"
"012450","한화에어로스페이스","KOSPI","운송장비·부품","1025000","-33000","-3.12","52852486025000"
"082740","한화엔진","KOSPI","기계·장비","44650","-3200","-6.69","3725914890300"
"042660","한화오션","KOSPI","운송장비·부품","82000","-5900","-6.71","25125898308000"
"003530","한화투자증권","KOSPI","증권","4700","-230","-4.67","1008374542500"
"003535","한화투자증권우","KOSPI","증권","6640","-230","-3.35","31872000000"
"195870","해성디에스","KOSPI","전기·전자","51400","-2400","-4.46","873800000000"
"101530","해태제과식품","KOSPI","음식료·담배","5620","20","0.36","163636539640"
"143210","핸즈코퍼레이션","KOSPI","운송장비·부품","1199","0","0.00","33571739817"
"000720","현대건설","KOSPI","건설","112600","-8100","-6.71","12538659139000"
"000725","현대건설우","KOSPI","건설","51700","-1500","-2.82","54527628100"
"453340","현대그린푸드","KOSPI","유통","18690","-210","-1.11","606893961030"
"086280","현대글로비스","KOSPI","운송·창고","195000","-14500","-6.92","14625000000000"
"064350","현대로템","KOSPI","운송장비·부품","122900","-7400","-5.68","13413587809700"
"079430","현대리바트","KOSPI","기타제조","6010","-30","-0.50","120886354020"
"012330","현대모비스","KOSPI","운송장비·부품","415500","-28000","-6.31","37320453067500"
"069960","현대백화점","KOSPI","유통","92700","-5100","-5.21","1999067342400"
"004560","현대비앤지스틸","KOSPI","금속","11480","-140","-1.20","173104750280"
"004310","현대약품","KOSPI","제약","7570","-720","-8.69","242240000000"
"017800","현대엘리베이터","KOSPI","기계·장비","72800","-2000","-2.67","2845925628000"
"307950","현대오토에버","KOSPI","IT 서비스","385500","-20500","-5.05","10571945061000"
"011210","현대위아","KOSPI","운송장비·부품","56400","-2600","-4.41","1533802681200"
"004020","현대제철","KOSPI","금속","29900","-900","-2.92","3990028971500"
"005440","현대지에프홀딩스","KOSPI","기타금융","11850","-260","-2.15","2173256808150"
"005380","현대차","KOSPI","운송장비·부품","378000","-22500","-5.62","77398435548000"
"005387","현대차2우B","KOSPI","운송장비·부품","180000","-10800","-5.66","6293507400000"
"005389","현대차3우B","KOSPI","운송장비·부품","177500","-10400","-5.53","413122730000"
"005385","현대차우","KOSPI","운송장비·부품","179800","-11000","-5.77","4196704608000"
"001500","현대차증권","KOSPI","증권","7840","-250","-3.09","484771064960"
"011760","현대코퍼레이션","KOSPI","유통","25550","-200","-0.78","338000081300"
"227840","현대코퍼레이션홀딩스","KOSPI","유통","13150","80","0.61","119675993400"
"126560","현대퓨처넷","KOSPI","통신","3380","-45","-1.31","369099515200"
"001450","현대해상","KOSPI","보험","52400","-1000","-1.87","4467008300000"
"093240","형지엘리트","KOSPI","섬유·의류","387","-3","-0.77","23758030233"
"003010","혜인","KOSPI","유통","9520","-1250","-11.61","121025351440"
"111110","호전실업","KOSPI","섬유·의류","6420","-30","-0.47","58203720000"
"008770","호텔신라","KOSPI","유통","42150","-2650","-5.92","1654308300150"
"008775","호텔신라우","KOSPI","유통","29050","-150","-0.51","21842084950"
"378850","화승알앤에이","KOSPI","운송장비·부품","2945","-95","-3.13","55936219735"
"241590","화승엔터프라이즈","KOSPI","섬유·의류","2950","-45","-1.50","178738364200"
"006060","화승인더","KOSPI","유통","2475","-50","-1.98","136917000000"
"013520","화승코퍼레이션","KOSPI","운송장비·부품","2640","-10","-0.38","132135305280"
"010690","화신","KOSPI","운송장비·부품","7650","-290","-3.65","267141136500"
"133820","화인베스틸","KOSPI","금속","948","-9","-0.94","35184547896"
"010660","화천기계","KOSPI","기계·장비","2870","-20","-0.69","63140000000"
"000850","화천기공","KOSPI","기계·장비","35700","0","0.00","78540000000"
"016580","환인제약","KOSPI","제약","10440","150","1.46","194184730800"
"032560","황금에스티","KOSPI","금속","5600","-70","-1.23","95200000000"
"004800","효성","KOSPI","기타금융","159800","-12700","-7.36","2675117038600"
"094280","효성ITX","KOSPI","일반서비스","12060","-80","-0.66","139391892000"
"298040","효성중공업","KOSPI","전기·전자","2765000","-151000","-5.18","25782375220000"
"298020","효성티앤씨","KOSPI","화학","345000","0","0.00","1493050290000"
"298000","효성화학","KOSPI","화학","56000","-1100","-1.93","212341416000"
"093370","후성","KOSPI","화학","12530","-170","-1.34","1343909284900"
"005870","휴니드","KOSPI","전기·전자","4405","-150","-3.29","62181046075"
"079980","휴비스","KOSPI","화학","1993","-12","-0.60","68758500000"
"005010","휴스틸","KOSPI","금속","3775","25","0.67","212109983125"
"000540","흥국화재","KOSPI","보험","3610","-85","-2.30","231915948450"
"000545","흥국화재우","KOSPI","보험","5510","-240","-4.17","4231680000"
"003280","흥아해운","KOSPI","운송·창고","1712","23","1.36","411607427088"